Type,Material,Size (inches),Durability Rating,Water Absorption,Recommended Use,Average Price Range per sq ft,Description,Images
Ceramic,Clay,12x12,Moderate,Low,"Indoor (Bathrooms, Kitchens)",£1-£5,"Ceramic tiles made of clay, size 12x12 inches, with moderate durability and low water absorption. Recommended for indoor use in bathrooms, kitchens. Price range £1-£5 per sq ft.",/images/ceramic.png
Porcelain,Refined Clay,24x24,High,Very Low,Indoor/Outdoor (All areas),£3-£10,"Porcelain tiles made of refined clay, size 24x24 inches, with high durability and very low water absorption. Suitable for indoor and outdoor use in all areas. Price range £3-£10 per sq ft.",/images/porcelain.png
Stone,Marble,18x18,High,Variable,Indoor (Living Areas),£5-£20,"Stone tiles made of marble, size 18x18 inches, with high durability and variable water absorption. Ideal for indoor use in living areas. Price range £5-£20 per sq ft.",/images/stone.png
Vinyl,PVC,12x12,Moderate,Not Applicable,"Indoor (Commercial Spaces, Kitchens)",£0.50-£4,"Vinyl tiles made of PVC, size 12x12 inches, with moderate durability and no water absorption. Suitable for indoor use in commercial spaces and kitchens. Price range £0.50-£4 per sq ft.",/images/vinyl.png
Cork,Cork,12x12,Low,Not Applicable,"Indoor (Bedrooms, Living Rooms)",£2-£8,"Cork tiles, size 12x12 inches, with low durability and no water absorption. Best for indoor use in bedrooms and living rooms. Price range £2-£8 per sq ft.",/images/cork.png